<?xml version="1.0" encoding="UTF-8"?>
<bpmn:definitions xmlns:bpmn="http://www.omg.org/spec/BPMN/20100524/MODEL" xmlns:bpmndi="http://www.omg.org/spec/BPMN/20100524/DI" xmlns:dc="http://www.omg.org/spec/DD/20100524/DC" xmlns:camunda="http://camunda.org/schema/1.0/bpmn" xmlns:xsi="http://www.w3.org/2001/XMLSchema-instance" xmlns:di="http://www.omg.org/spec/DD/20100524/DI" id="Definitions_1l7bug1" targetNamespace="http://bpmn.io/schema/bpmn" exporter="Camunda Modeler" exporterVersion="4.4.0">
  <bpmn:process id="abonnement-branchement" isExecutable="true">
    <bpmn:startEvent id="StartEvent_1">
      <bpmn:extensionElements>
        <camunda:formData>
          <camunda:formField id="nomprenom" label="NOM  ET PRENOMS DU CLIENT" type="string">
            <camunda:validation>
              <camunda:constraint name="required" />
            </camunda:validation>
          </camunda:formField>
          <camunda:formField id="genreClient" label="GENRE DE CLIENT" type="enum">
            <camunda:value id="soc" name="SOCIETE" />
            <camunda:value id="par" name="PARTICULIER" />
            <camunda:value id="adm" name="ADMINISTRATION" />
          </camunda:formField>
          <camunda:formField id="typePiece" label="TYPE DE PIECE " type="enum">
            <camunda:value id="passe" name="PASSEPORT" />
            <camunda:value id="attestation" name="ATTESTION" />
            <camunda:value id="carte" name="CARTE NATIONALE D&#39;IDENTITE" />
            <camunda:value id="permis" name="PERMIS" />
          </camunda:formField>
          <camunda:formField id="dateNaissance" label="DATE DE NAISSANCE" type="date" />
          <camunda:formField id="numeroTelephone" label="NUMERO DE TELEPHONE" type="long">
            <camunda:validation>
              <camunda:constraint name="required" />
            </camunda:validation>
          </camunda:formField>
          <camunda:formField id="livrerFacture" label="PAR QUEL MOYENS SOUHAITER VOUS RECEVOIRVOTRE FACTURE ?" type="enum">
            <camunda:value id="domicile" name="A DOMICILE" />
            <camunda:value id="bureau" name="AU BUREAU" />
            <camunda:value id="email" name="PAR E-MAIL" />
          </camunda:formField>
          <camunda:formField id="email" label="VOTRE E-MAIL" type="string" />
          <camunda:formField id="habitation" label="VILLE / COMMUNE / QUARTIER" type="string">
            <camunda:validation>
              <camunda:constraint name="required" />
            </camunda:validation>
          </camunda:formField>
        </camunda:formData>
      </bpmn:extensionElements>
      <bpmn:outgoing>Flow_1vq9ee9</bpmn:outgoing>
    </bpmn:startEvent>
    <bpmn:sequenceFlow id="Flow_1vq9ee9" sourceRef="StartEvent_1" targetRef="Activity_1q7wq0r" />
    <bpmn:userTask id="Activity_1q7wq0r" name="DOCUMENT NECESSAIRE" camunda:assignee="demo">
      <bpmn:extensionElements>
        <camunda:formData>
          <camunda:formField id="document" label="DOCUMENT NECESSAIRE" type="string" />
          <camunda:formField id="agent" label="ETRE VOUS AGENT CIE ?" type="boolean" />
        </camunda:formData>
      </bpmn:extensionElements>
      <bpmn:incoming>Flow_1vq9ee9</bpmn:incoming>
      <bpmn:outgoing>Flow_0tba7fc</bpmn:outgoing>
    </bpmn:userTask>
    <bpmn:exclusiveGateway id="Gateway_1nizmpo">
      <bpmn:incoming>Flow_0tba7fc</bpmn:incoming>
      <bpmn:outgoing>Flow_1gnigbd</bpmn:outgoing>
      <bpmn:outgoing>Flow_1sxmkaa</bpmn:outgoing>
    </bpmn:exclusiveGateway>
    <bpmn:sequenceFlow id="Flow_0tba7fc" sourceRef="Activity_1q7wq0r" targetRef="Gateway_1nizmpo" />
    <bpmn:sequenceFlow id="Flow_1gnigbd" name="AGENT" sourceRef="Gateway_1nizmpo" targetRef="Activity_0lhbgq0">
      <bpmn:conditionExpression xsi:type="bpmn:tFormalExpression">${agent}</bpmn:conditionExpression>
    </bpmn:sequenceFlow>
    <bpmn:sequenceFlow id="Flow_1sxmkaa" name="PAS AGENT" sourceRef="Gateway_1nizmpo" targetRef="Activity_1sh41wu">
      <bpmn:conditionExpression xsi:type="bpmn:tFormalExpression">${!agent}</bpmn:conditionExpression>
    </bpmn:sequenceFlow>
    <bpmn:sequenceFlow id="Flow_0txq94t" sourceRef="Activity_0lhbgq0" targetRef="Activity_1sh41wu" />
    <bpmn:sequenceFlow id="Flow_1q8xwpe" sourceRef="Activity_1sh41wu" targetRef="Activity_0crf3uc" />
    <bpmn:sequenceFlow id="Flow_0oqo7i1" sourceRef="Activity_0crf3uc" targetRef="Activity_19v67ua" />
    <bpmn:exclusiveGateway id="Gateway_06i75sz">
      <bpmn:incoming>Flow_1u27ipi</bpmn:incoming>
      <bpmn:outgoing>Flow_0o2ugqa</bpmn:outgoing>
      <bpmn:outgoing>Flow_0v425pv</bpmn:outgoing>
    </bpmn:exclusiveGateway>
    <bpmn:sequenceFlow id="Flow_1u27ipi" sourceRef="Activity_19v67ua" targetRef="Gateway_06i75sz" />
    <bpmn:sequenceFlow id="Flow_0o2ugqa" sourceRef="Gateway_06i75sz" targetRef="Activity_0crf3uc">
      <bpmn:conditionExpression xsi:type="bpmn:tFormalExpression">${!valider}</bpmn:conditionExpression>
    </bpmn:sequenceFlow>
    <bpmn:sequenceFlow id="Flow_0v425pv" sourceRef="Gateway_06i75sz" targetRef="Activity_10gb088">
      <bpmn:conditionExpression xsi:type="bpmn:tFormalExpression">${valider}</bpmn:conditionExpression>
    </bpmn:sequenceFlow>
    <bpmn:sequenceFlow id="Flow_0ssspid" sourceRef="Activity_10gb088" targetRef="Activity_05pii17" />
    <bpmn:exclusiveGateway id="Gateway_11c4ghp">
      <bpmn:incoming>Flow_08p74ws</bpmn:incoming>
      <bpmn:outgoing>Flow_1t25o2o</bpmn:outgoing>
      <bpmn:outgoing>Flow_0n11ozo</bpmn:outgoing>
    </bpmn:exclusiveGateway>
    <bpmn:sequenceFlow id="Flow_08p74ws" sourceRef="Activity_05pii17" targetRef="Gateway_11c4ghp" />
    <bpmn:sequenceFlow id="Flow_1t25o2o" sourceRef="Gateway_11c4ghp" targetRef="Activity_10gb088">
      <bpmn:conditionExpression xsi:type="bpmn:tFormalExpression">${!autoriser}</bpmn:conditionExpression>
    </bpmn:sequenceFlow>
    <bpmn:sequenceFlow id="Flow_0n11ozo" sourceRef="Gateway_11c4ghp" targetRef="Activity_1x1rfa9">
      <bpmn:conditionExpression xsi:type="bpmn:tFormalExpression">${autoriser}</bpmn:conditionExpression>
    </bpmn:sequenceFlow>
    <bpmn:exclusiveGateway id="Gateway_0fhg3jf">
      <bpmn:incoming>Flow_18h5it1</bpmn:incoming>
      <bpmn:outgoing>Flow_0o6wz5i</bpmn:outgoing>
      <bpmn:outgoing>Flow_15pym7w</bpmn:outgoing>
    </bpmn:exclusiveGateway>
    <bpmn:sequenceFlow id="Flow_18h5it1" sourceRef="Activity_1x1rfa9" targetRef="Gateway_0fhg3jf" />
    <bpmn:sequenceFlow id="Flow_0o6wz5i" sourceRef="Gateway_0fhg3jf" targetRef="Activity_1195dtn">
      <bpmn:conditionExpression xsi:type="bpmn:tFormalExpression">${!accord}</bpmn:conditionExpression>
    </bpmn:sequenceFlow>
    <bpmn:endEvent id="Event_19vszz8">
      <bpmn:incoming>Flow_15f4f77</bpmn:incoming>
    </bpmn:endEvent>
    <bpmn:sequenceFlow id="Flow_15f4f77" sourceRef="Activity_1195dtn" targetRef="Event_19vszz8" />
    <bpmn:sequenceFlow id="Flow_15pym7w" sourceRef="Gateway_0fhg3jf" targetRef="Activity_0ci342v">
      <bpmn:conditionExpression xsi:type="bpmn:tFormalExpression">${accord}</bpmn:conditionExpression>
    </bpmn:sequenceFlow>
    <bpmn:sequenceFlow id="Flow_0cxx46p" sourceRef="Activity_0ci342v" targetRef="Activity_15a2j6u" />
    <bpmn:sequenceFlow id="Flow_1efb6cn" sourceRef="Activity_15a2j6u" targetRef="Activity_1n9fj9q" />
    <bpmn:sequenceFlow id="Flow_1xtgxt9" sourceRef="Activity_1n9fj9q" targetRef="Activity_0vgiti4" />
    <bpmn:sequenceFlow id="Flow_045dv6b" sourceRef="Activity_0vgiti4" targetRef="Activity_09nizyr" />
    <bpmn:sequenceFlow id="Flow_1rixgzc" sourceRef="Activity_1j4c1q2" targetRef="Activity_1pnj6ct" />
    <bpmn:exclusiveGateway id="Gateway_0oh2k5m">
      <bpmn:incoming>Flow_1kdbr52</bpmn:incoming>
      <bpmn:outgoing>Flow_1uzlxhz</bpmn:outgoing>
      <bpmn:outgoing>Flow_1orawhk</bpmn:outgoing>
    </bpmn:exclusiveGateway>
    <bpmn:sequenceFlow id="Flow_1kdbr52" sourceRef="Activity_1pnj6ct" targetRef="Gateway_0oh2k5m" />
    <bpmn:userTask id="Activity_1pnj6ct" name="VALIDATION DU COPMTE RENDU DE POSE" camunda:assignee="demo">
      <bpmn:extensionElements>
        <camunda:formData>
          <camunda:formField id="rapportPose" label="RAPPORT D&#39;INSTALLATION" type="string">
            <camunda:validation>
              <camunda:constraint name="readonly" />
            </camunda:validation>
          </camunda:formField>
          <camunda:formField id="agentTerrain" label="AGENT EN INSTALLATEUR" type="string">
            <camunda:validation>
              <camunda:constraint name="readonly" />
            </camunda:validation>
          </camunda:formField>
          <camunda:formField id="datePP" label="DATE DE POSE PREVUE" type="date">
            <camunda:validation>
              <camunda:constraint name="readonly" />
            </camunda:validation>
          </camunda:formField>
          <camunda:formField id="datePE" label="DATE DE POSE EFFECTIVE" type="date">
            <camunda:validation>
              <camunda:constraint name="readonly" />
            </camunda:validation>
          </camunda:formField>
          <camunda:formField id="evaluer" label="VALIDER LE RAPPORT D&#39;INSTALLATION" type="boolean" />
          <camunda:formField id="numeroCompteur" label="NUMERO COMPTEUR " type="string" />
        </camunda:formData>
      </bpmn:extensionElements>
      <bpmn:incoming>Flow_1rixgzc</bpmn:incoming>
      <bpmn:outgoing>Flow_1kdbr52</bpmn:outgoing>
    </bpmn:userTask>
    <bpmn:sequenceFlow id="Flow_1uzlxhz" sourceRef="Gateway_0oh2k5m" targetRef="Activity_10fkoo3">
      <bpmn:conditionExpression xsi:type="bpmn:tFormalExpression">${evaluer}</bpmn:conditionExpression>
    </bpmn:sequenceFlow>
    <bpmn:sequenceFlow id="Flow_1orawhk" sourceRef="Gateway_0oh2k5m" targetRef="Activity_1j4c1q2">
      <bpmn:conditionExpression xsi:type="bpmn:tFormalExpression">${!evaluer}</bpmn:conditionExpression>
    </bpmn:sequenceFlow>
    <bpmn:endEvent id="Event_0c8ryvc">
      <bpmn:incoming>Flow_0gwumkc</bpmn:incoming>
    </bpmn:endEvent>
    <bpmn:sequenceFlow id="Flow_0gwumkc" sourceRef="Activity_10fkoo3" targetRef="Event_0c8ryvc" />
    <bpmn:userTask id="Activity_0lhbgq0" name="SUBVENTION" camunda:assignee="demo">
      <bpmn:incoming>Flow_1gnigbd</bpmn:incoming>
      <bpmn:outgoing>Flow_0txq94t</bpmn:outgoing>
    </bpmn:userTask>
    <bpmn:userTask id="Activity_1sh41wu" name="PLANIFICATION METRE" camunda:assignee="demo">
      <bpmn:extensionElements>
        <camunda:formData>
          <camunda:formField id="agentTerrain" label="AGENT OU EQUIPE DE VISTE" type="enum">
            <camunda:validation>
              <camunda:constraint name="required" />
            </camunda:validation>
            <camunda:value id="oba" name="OBA JEAN PHILIPE" />
            <camunda:value id="toure" name="TOURE ABOUBACAR" />
            <camunda:value id="aoutt" name="OUATTARA MANEY" />
            <camunda:value id="cara" name="KARAMOKO MADOUBA" />
            <camunda:value id="koffi" name="KOFFI KOFFI BLA" />
            <camunda:value id="sery" name="SERY TANGUI  LAURENT" />
          </camunda:formField>
          <camunda:formField id="dateVT" label="DATE DE VISTE TTHEORIQUE" type="date">
            <camunda:validation>
              <camunda:constraint name="required" />
            </camunda:validation>
          </camunda:formField>
        </camunda:formData>
      </bpmn:extensionElements>
      <bpmn:incoming>Flow_1sxmkaa</bpmn:incoming>
      <bpmn:incoming>Flow_0txq94t</bpmn:incoming>
      <bpmn:outgoing>Flow_1q8xwpe</bpmn:outgoing>
    </bpmn:userTask>
    <bpmn:userTask id="Activity_0crf3uc" name="SAISIR COMPTE RENDU METRE" camunda:assignee="demo">
      <bpmn:extensionElements>
        <camunda:formData>
          <camunda:formField id="rapportT" label="RAPPORT SUR TERRAIN OU TYPE DE COMPTEUR" type="string">
            <camunda:validation>
              <camunda:constraint name="required" />
            </camunda:validation>
          </camunda:formField>
          <camunda:formField id="materiel" label="AMPERAGE" type="string">
            <camunda:validation>
              <camunda:constraint name="required" />
            </camunda:validation>
          </camunda:formField>
          <camunda:formField id="agentTerrain" label="NOM DE L&#39;AGENT VISITEUR" type="string">
            <camunda:validation>
              <camunda:constraint name="readonly" />
            </camunda:validation>
          </camunda:formField>
          <camunda:formField id="dateVT" label="DATE DE VISITE PREVUE" type="date">
            <camunda:validation>
              <camunda:constraint name="readonly" />
            </camunda:validation>
          </camunda:formField>
          <camunda:formField id="dateVE" label="DATE EFFECTIVE DE VISITE " type="date">
            <camunda:validation>
              <camunda:constraint name="required" />
            </camunda:validation>
          </camunda:formField>
        </camunda:formData>
      </bpmn:extensionElements>
      <bpmn:incoming>Flow_1q8xwpe</bpmn:incoming>
      <bpmn:incoming>Flow_0o2ugqa</bpmn:incoming>
      <bpmn:outgoing>Flow_0oqo7i1</bpmn:outgoing>
    </bpmn:userTask>
    <bpmn:userTask id="Activity_19v67ua" name="VALIDATION COMPTE RENDU METRE" camunda:assignee="demo">
      <bpmn:extensionElements>
        <camunda:formData>
          <camunda:formField id="rapportT" label="RAPPORT TERRAIN" type="string">
            <camunda:validation>
              <camunda:constraint name="readonly" />
            </camunda:validation>
          </camunda:formField>
          <camunda:formField id="materiel" label="MATERIEL DEMANDE" type="string">
            <camunda:validation>
              <camunda:constraint name="readonly" />
            </camunda:validation>
          </camunda:formField>
          <camunda:formField id="agentTerrain" label="NOM DE L&#39;AGENT VISITEUR" type="string">
            <camunda:validation>
              <camunda:constraint name="readonly" />
            </camunda:validation>
          </camunda:formField>
          <camunda:formField id="dateVT" label="DATE DE VISITE PREVUE" type="date">
            <camunda:validation>
              <camunda:constraint name="readonly" />
            </camunda:validation>
          </camunda:formField>
          <camunda:formField id="dateVE" label="DATE DE VISITE EFFECTIVE" type="date">
            <camunda:validation>
              <camunda:constraint name="readonly" />
            </camunda:validation>
          </camunda:formField>
          <camunda:formField id="valider" label="VALIDER LE RAPPORT D&#39;ETUDE TERRAIN?" type="boolean" />
        </camunda:formData>
      </bpmn:extensionElements>
      <bpmn:incoming>Flow_0oqo7i1</bpmn:incoming>
      <bpmn:outgoing>Flow_1u27ipi</bpmn:outgoing>
    </bpmn:userTask>
    <bpmn:userTask id="Activity_10gb088" name="CONSTITUON DE DEVIS" camunda:assignee="demo">
      <bpmn:extensionElements>
        <camunda:formData>
          <camunda:formField id="materiel" label="MATERIEL " type="string">
            <camunda:validation>
              <camunda:constraint name="readonly" />
            </camunda:validation>
          </camunda:formField>
          <camunda:formField id="coutMateriel" label="COUT DU MATERIEL" type="long">
            <camunda:validation>
              <camunda:constraint name="required" />
            </camunda:validation>
          </camunda:formField>
          <camunda:formField id="coutMain" label="COUT DE LA MAIN D&#39;OEUVRE" type="long" />
          <camunda:formField id="total" label="MONTANT TOTAL DE L&#39;OPERATION" type="long" />
          <camunda:formField id="rapportT" label="TYPE DE COMPTEUR" type="string">
            <camunda:validation>
              <camunda:constraint name="readonly" />
            </camunda:validation>
          </camunda:formField>
        </camunda:formData>
      </bpmn:extensionElements>
      <bpmn:incoming>Flow_0v425pv</bpmn:incoming>
      <bpmn:incoming>Flow_1t25o2o</bpmn:incoming>
      <bpmn:outgoing>Flow_0ssspid</bpmn:outgoing>
    </bpmn:userTask>
    <bpmn:userTask id="Activity_05pii17" name="VALIDATION DE DEVIS" camunda:assignee="demo">
      <bpmn:extensionElements>
        <camunda:formData>
          <camunda:formField id="materiel" label="MATERIEL" type="string">
            <camunda:validation>
              <camunda:constraint name="readonly" />
            </camunda:validation>
          </camunda:formField>
          <camunda:formField id="coutMateriel" label="MONTANT DU MATERIEL" type="long">
            <camunda:validation>
              <camunda:constraint name="readonly" />
            </camunda:validation>
          </camunda:formField>
          <camunda:formField id="coutMain" label="COUT DE LA MAIN D&#39;OEUVRE" type="long">
            <camunda:validation>
              <camunda:constraint name="readonly" />
            </camunda:validation>
          </camunda:formField>
          <camunda:formField id="total" label="MONTANT TOTAL" type="long">
            <camunda:validation>
              <camunda:constraint name="readonly" />
            </camunda:validation>
          </camunda:formField>
          <camunda:formField id="rapportT" label="TYPE DE COMPTEUR" type="string">
            <camunda:validation>
              <camunda:constraint name="readonly" />
            </camunda:validation>
          </camunda:formField>
          <camunda:formField id="autoriser" label="VALIDER LE DEVIS TECHNIQUE" type="boolean" />
        </camunda:formData>
      </bpmn:extensionElements>
      <bpmn:incoming>Flow_0ssspid</bpmn:incoming>
      <bpmn:outgoing>Flow_08p74ws</bpmn:outgoing>
    </bpmn:userTask>
    <bpmn:userTask id="Activity_1x1rfa9" name="ACCORD CLIENT" camunda:assignee="demo">
      <bpmn:extensionElements>
        <camunda:formData>
          <camunda:formField id="materiel" label="MATERIEL NECESSAIRE OU AMPERAGE" type="string">
            <camunda:validation>
              <camunda:constraint name="readonly" />
            </camunda:validation>
          </camunda:formField>
          <camunda:formField id="coutMateriel" label="COUT DU MATERIEL" type="long">
            <camunda:validation>
              <camunda:constraint name="readonly" />
            </camunda:validation>
          </camunda:formField>
          <camunda:formField id="coutMain" label="COUT DU SERVICE OU MAIN D&#39;OEUVRE" type="long">
            <camunda:validation>
              <camunda:constraint name="readonly" />
            </camunda:validation>
          </camunda:formField>
          <camunda:formField id="accord" label="L&#39;ACCORD DU CLIENT" type="boolean" />
          <camunda:formField id="total" label="MONTANT TOTAL DE VOTRE ABONNEMENT" type="long" />
          <camunda:formField id="rapportT" label="TYPE DE COMPTEUR RECOMMANDER" type="string" />
        </camunda:formData>
      </bpmn:extensionElements>
      <bpmn:incoming>Flow_0n11ozo</bpmn:incoming>
      <bpmn:outgoing>Flow_18h5it1</bpmn:outgoing>
    </bpmn:userTask>
    <bpmn:userTask id="Activity_0ci342v" name="ECHELONEMENT" camunda:assignee="demo">
      <bpmn:extensionElements>
        <camunda:formData>
          <camunda:formField id="echelonnement" label="FREQUENCE DE REGLEMENT OU ECHELONNEMENT" type="enum">
            <camunda:value id="semaine" name="PAYER PAR  SEMAINE" />
            <camunda:value id="mois" name="PAYER PAR MOIS" />
            <camunda:value id="totalite" name="PAYEMENT TOTAL" />
          </camunda:formField>
        </camunda:formData>
      </bpmn:extensionElements>
      <bpmn:incoming>Flow_15pym7w</bpmn:incoming>
      <bpmn:outgoing>Flow_0cxx46p</bpmn:outgoing>
    </bpmn:userTask>
    <bpmn:userTask id="Activity_15a2j6u" name="MODE  DE REGLEMENT" camunda:assignee="demo">
      <bpmn:extensionElements>
        <camunda:formData>
          <camunda:formField id="reglement" label="MODE DE REGLEMENT" type="enum">
            <camunda:value id="caisse" name="CAISSE" />
            <camunda:value id="banque" name="BANQUE" />
          </camunda:formField>
        </camunda:formData>
      </bpmn:extensionElements>
      <bpmn:incoming>Flow_0cxx46p</bpmn:incoming>
      <bpmn:outgoing>Flow_1efb6cn</bpmn:outgoing>
    </bpmn:userTask>
    <bpmn:userTask id="Activity_1n9fj9q" name="PLANIFICATION POSE" camunda:assignee="demo">
      <bpmn:extensionElements>
        <camunda:formData>
          <camunda:formField id="numeroCompteur" label="ATTRIBUTION D&#39;UN NUMERO DE COMPTEUR" type="string">
            <camunda:validation>
              <camunda:constraint name="required" />
            </camunda:validation>
          </camunda:formField>
          <camunda:formField id="materiel" label="MATERIEL" type="string">
            <camunda:validation>
              <camunda:constraint name="readonly" />
            </camunda:validation>
          </camunda:formField>
          <camunda:formField id="agentTerrain" label="NOM DE L&#39;AGENT OU EQUIPE D&#39;INSTALLATION" type="string" />
          <camunda:formField id="datePP" label="DATE DE POSE PREVUE" type="date" />
        </camunda:formData>
      </bpmn:extensionElements>
      <bpmn:incoming>Flow_1efb6cn</bpmn:incoming>
      <bpmn:outgoing>Flow_1xtgxt9</bpmn:outgoing>
    </bpmn:userTask>
    <bpmn:userTask id="Activity_0vgiti4" name="SORTIE MATERIEL" camunda:assignee="demo">
      <bpmn:extensionElements>
        <camunda:formData>
          <camunda:formField id="materiel" label="MATERIEL A RECUPERER AU STOCKAGE" type="string">
            <camunda:validation>
              <camunda:constraint name="readonly" />
            </camunda:validation>
          </camunda:formField>
          <camunda:formField id="rapportT" label="TYPE DE COMPTEUR" type="string">
            <camunda:validation>
              <camunda:constraint name="readonly" />
            </camunda:validation>
          </camunda:formField>
          <camunda:formField id="numeroCompteur" label="NUMERO COMPTEUR" type="string">
            <camunda:validation>
              <camunda:constraint name="readonly" />
            </camunda:validation>
          </camunda:formField>
        </camunda:formData>
      </bpmn:extensionElements>
      <bpmn:incoming>Flow_1xtgxt9</bpmn:incoming>
      <bpmn:outgoing>Flow_045dv6b</bpmn:outgoing>
    </bpmn:userTask>
    <bpmn:sequenceFlow id="Flow_1ci6r5c" sourceRef="Activity_09nizyr" targetRef="Activity_1j4c1q2" />
    <bpmn:manualTask id="Activity_09nizyr" name="INSTALLATION">
      <bpmn:incoming>Flow_045dv6b</bpmn:incoming>
      <bpmn:outgoing>Flow_1ci6r5c</bpmn:outgoing>
    </bpmn:manualTask>
    <bpmn:userTask id="Activity_1j4c1q2" name="COMPTE RENDU DE POSE" camunda:assignee="demo">
      <bpmn:extensionElements>
        <camunda:formData>
          <camunda:formField id="rapportPose" label="RAPPORT D&#39;INSTALLATION" type="string" />
          <camunda:formField id="agentTerrain" label="AGENT DE L&#39;INSTALLATION" type="string">
            <camunda:validation>
              <camunda:constraint name="readonly" />
            </camunda:validation>
          </camunda:formField>
          <camunda:formField id="datePP" label="DATE DE POSE PREVUE" type="date">
            <camunda:validation>
              <camunda:constraint name="readonly" />
            </camunda:validation>
          </camunda:formField>
          <camunda:formField id="datePE" label="DATE DEPOSE EFFECTIVE" type="date">
            <camunda:validation>
              <camunda:constraint name="required" />
            </camunda:validation>
          </camunda:formField>
          <camunda:formField id="numeroCompteur" label="NUMERO DU COMPTEUR" type="string">
            <camunda:validation>
              <camunda:constraint name="readonly" />
            </camunda:validation>
          </camunda:formField>
        </camunda:formData>
      </bpmn:extensionElements>
      <bpmn:incoming>Flow_1orawhk</bpmn:incoming>
      <bpmn:incoming>Flow_1ci6r5c</bpmn:incoming>
      <bpmn:outgoing>Flow_1rixgzc</bpmn:outgoing>
    </bpmn:userTask>
    <bpmn:serviceTask id="Activity_1195dtn" name="ANNULATIONDE DEMANDE" camunda:type="external" camunda:topic="annulee">
      <bpmn:incoming>Flow_0o6wz5i</bpmn:incoming>
      <bpmn:outgoing>Flow_15f4f77</bpmn:outgoing>
    </bpmn:serviceTask>
    <bpmn:serviceTask id="Activity_10fkoo3" name="EXECUTER" camunda:type="external" camunda:topic="terminee">
      <bpmn:incoming>Flow_1uzlxhz</bpmn:incoming>
      <bpmn:outgoing>Flow_0gwumkc</bpmn:outgoing>
    </bpmn:serviceTask>
  </bpmn:process>
  <bpmndi:BPMNDiagram id="BPMNDiagram_1">
    <bpmndi:BPMNPlane id="BPMNPlane_1" bpmnElement="abonnement-branchement">
      <bpmndi:BPMNEdge id="Flow_1vq9ee9_di" bpmnElement="Flow_1vq9ee9">
        <di:waypoint x="188" y="250" />
        <di:waypoint x="240" y="250" />
      </bpmndi:BPMNEdge>
      <bpmndi:BPMNEdge id="Flow_0tba7fc_di" bpmnElement="Flow_0tba7fc">
        <di:waypoint x="340" y="250" />
        <di:waypoint x="375" y="250" />
      </bpmndi:BPMNEdge>
      <bpmndi:BPMNEdge id="Flow_1gnigbd_di" bpmnElement="Flow_1gnigbd">
        <di:waypoint x="400" y="225" />
        <di:waypoint x="400" y="120" />
        <di:waypoint x="480" y="120" />
        <bpmndi:BPMNLabel>
          <dc:Bounds x="411" y="173" width="38" height="14" />
        </bpmndi:BPMNLabel>
      </bpmndi:BPMNEdge>
      <bpmndi:BPMNEdge id="Flow_1sxmkaa_di" bpmnElement="Flow_1sxmkaa">
        <di:waypoint x="425" y="250" />
        <di:waypoint x="500" y="250" />
        <bpmndi:BPMNLabel>
          <dc:Bounds x="383.99999999999994" y="315" width="63" height="14" />
        </bpmndi:BPMNLabel>
      </bpmndi:BPMNEdge>
      <bpmndi:BPMNEdge id="Flow_0txq94t_di" bpmnElement="Flow_0txq94t">
        <di:waypoint x="550" y="160" />
        <di:waypoint x="550" y="210" />
      </bpmndi:BPMNEdge>
      <bpmndi:BPMNEdge id="Flow_1q8xwpe_di" bpmnElement="Flow_1q8xwpe">
        <di:waypoint x="600" y="250" />
        <di:waypoint x="660" y="250" />
      </bpmndi:BPMNEdge>
      <bpmndi:BPMNEdge id="Flow_0oqo7i1_di" bpmnElement="Flow_0oqo7i1">
        <di:waypoint x="760" y="250" />
        <di:waypoint x="820" y="250" />
      </bpmndi:BPMNEdge>
      <bpmndi:BPMNEdge id="Flow_1u27ipi_di" bpmnElement="Flow_1u27ipi">
        <di:waypoint x="920" y="250" />
        <di:waypoint x="985" y="250" />
      </bpmndi:BPMNEdge>
      <bpmndi:BPMNEdge id="Flow_0o2ugqa_di" bpmnElement="Flow_0o2ugqa">
        <di:waypoint x="1010" y="225" />
        <di:waypoint x="1010" y="180" />
        <di:waypoint x="710" y="180" />
        <di:waypoint x="710" y="210" />
      </bpmndi:BPMNEdge>
      <bpmndi:BPMNEdge id="Flow_0v425pv_di" bpmnElement="Flow_0v425pv">
        <di:waypoint x="1035" y="250" />
        <di:waypoint x="1060" y="250" />
      </bpmndi:BPMNEdge>
      <bpmndi:BPMNEdge id="Flow_0ssspid_di" bpmnElement="Flow_0ssspid">
        <di:waypoint x="1160" y="250" />
        <di:waypoint x="1230" y="250" />
      </bpmndi:BPMNEdge>
      <bpmndi:BPMNEdge id="Flow_08p74ws_di" bpmnElement="Flow_08p74ws">
        <di:waypoint x="1330" y="250" />
        <di:waypoint x="1385" y="250" />
      </bpmndi:BPMNEdge>
      <bpmndi:BPMNEdge id="Flow_1t25o2o_di" bpmnElement="Flow_1t25o2o">
        <di:waypoint x="1410" y="225" />
        <di:waypoint x="1410" y="160" />
        <di:waypoint x="1110" y="160" />
        <di:waypoint x="1110" y="210" />
      </bpmndi:BPMNEdge>
      <bpmndi:BPMNEdge id="Flow_0n11ozo_di" bpmnElement="Flow_0n11ozo">
        <di:waypoint x="1435" y="250" />
        <di:waypoint x="1460" y="250" />
      </bpmndi:BPMNEdge>
      <bpmndi:BPMNEdge id="Flow_18h5it1_di" bpmnElement="Flow_18h5it1">
        <di:waypoint x="1560" y="250" />
        <di:waypoint x="1585" y="250" />
      </bpmndi:BPMNEdge>
      <bpmndi:BPMNEdge id="Flow_0o6wz5i_di" bpmnElement="Flow_0o6wz5i">
        <di:waypoint x="1610" y="225" />
        <di:waypoint x="1610" y="170" />
      </bpmndi:BPMNEdge>
      <bpmndi:BPMNEdge id="Flow_15f4f77_di" bpmnElement="Flow_15f4f77">
        <di:waypoint x="1660" y="130" />
        <di:waypoint x="1712" y="130" />
      </bpmndi:BPMNEdge>
      <bpmndi:BPMNEdge id="Flow_15pym7w_di" bpmnElement="Flow_15pym7w">
        <di:waypoint x="1635" y="250" />
        <di:waypoint x="1660" y="250" />
      </bpmndi:BPMNEdge>
      <bpmndi:BPMNEdge id="Flow_0cxx46p_di" bpmnElement="Flow_0cxx46p">
        <di:waypoint x="1760" y="250" />
        <di:waypoint x="1790" y="250" />
      </bpmndi:BPMNEdge>
      <bpmndi:BPMNEdge id="Flow_1efb6cn_di" bpmnElement="Flow_1efb6cn">
        <di:waypoint x="1890" y="250" />
        <di:waypoint x="1920" y="250" />
      </bpmndi:BPMNEdge>
      <bpmndi:BPMNEdge id="Flow_1xtgxt9_di" bpmnElement="Flow_1xtgxt9">
        <di:waypoint x="2020" y="250" />
        <di:waypoint x="2050" y="250" />
      </bpmndi:BPMNEdge>
      <bpmndi:BPMNEdge id="Flow_045dv6b_di" bpmnElement="Flow_045dv6b">
        <di:waypoint x="2100" y="290" />
        <di:waypoint x="2100" y="340" />
      </bpmndi:BPMNEdge>
      <bpmndi:BPMNEdge id="Flow_1rixgzc_di" bpmnElement="Flow_1rixgzc">
        <di:waypoint x="2280" y="260" />
        <di:waypoint x="2330" y="260" />
      </bpmndi:BPMNEdge>
      <bpmndi:BPMNEdge id="Flow_1kdbr52_di" bpmnElement="Flow_1kdbr52">
        <di:waypoint x="2430" y="260" />
        <di:waypoint x="2505" y="260" />
      </bpmndi:BPMNEdge>
      <bpmndi:BPMNEdge id="Flow_1uzlxhz_di" bpmnElement="Flow_1uzlxhz">
        <di:waypoint x="2555" y="260" />
        <di:waypoint x="2620" y="260" />
      </bpmndi:BPMNEdge>
      <bpmndi:BPMNEdge id="Flow_1orawhk_di" bpmnElement="Flow_1orawhk">
        <di:waypoint x="2530" y="235" />
        <di:waypoint x="2530" y="180" />
        <di:waypoint x="2230" y="180" />
        <di:waypoint x="2230" y="220" />
      </bpmndi:BPMNEdge>
      <bpmndi:BPMNEdge id="Flow_0gwumkc_di" bpmnElement="Flow_0gwumkc">
        <di:waypoint x="2720" y="260" />
        <di:waypoint x="2792" y="260" />
      </bpmndi:BPMNEdge>
      <bpmndi:BPMNEdge id="Flow_1ci6r5c_di" bpmnElement="Flow_1ci6r5c">
        <di:waypoint x="2150" y="400" />
        <di:waypoint x="2230" y="400" />
        <di:waypoint x="2230" y="300" />
      </bpmndi:BPMNEdge>
      <bpmndi:BPMNShape id="_BPMNShape_StartEvent_2" bpmnElement="StartEvent_1">
        <dc:Bounds x="152" y="232" width="36" height="36" />
      </bpmndi:BPMNShape>
      <bpmndi:BPMNShape id="Activity_05fkpuh_di" bpmnElement="Activity_1q7wq0r">
        <dc:Bounds x="240" y="210" width="100" height="80" />
      </bpmndi:BPMNShape>
      <bpmndi:BPMNShape id="Gateway_06i75sz_di" bpmnElement="Gateway_06i75sz" isMarkerVisible="true">
        <dc:Bounds x="985" y="225" width="50" height="50" />
      </bpmndi:BPMNShape>
      <bpmndi:BPMNShape id="Gateway_11c4ghp_di" bpmnElement="Gateway_11c4ghp" isMarkerVisible="true">
        <dc:Bounds x="1385" y="225" width="50" height="50" />
      </bpmndi:BPMNShape>
      <bpmndi:BPMNShape id="Gateway_0fhg3jf_di" bpmnElement="Gateway_0fhg3jf" isMarkerVisible="true">
        <dc:Bounds x="1585" y="225" width="50" height="50" />
      </bpmndi:BPMNShape>
      <bpmndi:BPMNShape id="Event_19vszz8_di" bpmnElement="Event_19vszz8">
        <dc:Bounds x="1712" y="112" width="36" height="36" />
      </bpmndi:BPMNShape>
      <bpmndi:BPMNShape id="Activity_0en67hg_di" bpmnElement="Activity_0lhbgq0">
        <dc:Bounds x="480" y="80" width="100" height="80" />
      </bpmndi:BPMNShape>
      <bpmndi:BPMNShape id="Gateway_1nizmpo_di" bpmnElement="Gateway_1nizmpo" isMarkerVisible="true">
        <dc:Bounds x="375" y="225" width="50" height="50" />
      </bpmndi:BPMNShape>
      <bpmndi:BPMNShape id="Activity_1te4g9x_di" bpmnElement="Activity_1sh41wu">
        <dc:Bounds x="500" y="210" width="100" height="80" />
      </bpmndi:BPMNShape>
      <bpmndi:BPMNShape id="Activity_00zr1nw_di" bpmnElement="Activity_0crf3uc">
        <dc:Bounds x="660" y="210" width="100" height="80" />
      </bpmndi:BPMNShape>
      <bpmndi:BPMNShape id="Activity_1qeyhd8_di" bpmnElement="Activity_19v67ua">
        <dc:Bounds x="820" y="210" width="100" height="80" />
      </bpmndi:BPMNShape>
      <bpmndi:BPMNShape id="Activity_0uw6gox_di" bpmnElement="Activity_10gb088">
        <dc:Bounds x="1060" y="210" width="100" height="80" />
      </bpmndi:BPMNShape>
      <bpmndi:BPMNShape id="Activity_0l94ill_di" bpmnElement="Activity_05pii17">
        <dc:Bounds x="1230" y="210" width="100" height="80" />
      </bpmndi:BPMNShape>
      <bpmndi:BPMNShape id="Activity_1bs33e8_di" bpmnElement="Activity_1x1rfa9">
        <dc:Bounds x="1460" y="210" width="100" height="80" />
      </bpmndi:BPMNShape>
      <bpmndi:BPMNShape id="Activity_0f2ng48_di" bpmnElement="Activity_0ci342v">
        <dc:Bounds x="1660" y="210" width="100" height="80" />
      </bpmndi:BPMNShape>
      <bpmndi:BPMNShape id="Activity_18qso9p_di" bpmnElement="Activity_15a2j6u">
        <dc:Bounds x="1790" y="210" width="100" height="80" />
      </bpmndi:BPMNShape>
      <bpmndi:BPMNShape id="Activity_04g1tv6_di" bpmnElement="Activity_1n9fj9q">
        <dc:Bounds x="1920" y="210" width="100" height="80" />
      </bpmndi:BPMNShape>
      <bpmndi:BPMNShape id="Activity_016eaz7_di" bpmnElement="Activity_0vgiti4">
        <dc:Bounds x="2050" y="210" width="100" height="80" />
      </bpmndi:BPMNShape>
      <bpmndi:BPMNShape id="Activity_0eqrdrn_di" bpmnElement="Activity_09nizyr">
        <dc:Bounds x="2050" y="340" width="100" height="80" />
      </bpmndi:BPMNShape>
      <bpmndi:BPMNShape id="Activity_0y2l0py_di" bpmnElement="Activity_1j4c1q2">
        <dc:Bounds x="2180" y="220" width="100" height="80" />
      </bpmndi:BPMNShape>
      <bpmndi:BPMNShape id="Activity_1akddh5_di" bpmnElement="Activity_1pnj6ct">
        <dc:Bounds x="2330" y="220" width="100" height="80" />
      </bpmndi:BPMNShape>
      <bpmndi:BPMNShape id="Activity_100u0wf_di" bpmnElement="Activity_1195dtn">
        <dc:Bounds x="1560" y="90" width="100" height="80" />
      </bpmndi:BPMNShape>
      <bpmndi:BPMNShape id="Gateway_0oh2k5m_di" bpmnElement="Gateway_0oh2k5m" isMarkerVisible="true">
        <dc:Bounds x="2505" y="235" width="50" height="50" />
      </bpmndi:BPMNShape>
      <bpmndi:BPMNShape id="Activity_01mvsgw_di" bpmnElement="Activity_10fkoo3">
        <dc:Bounds x="2620" y="220" width="100" height="80" />
      </bpmndi:BPMNShape>
      <bpmndi:BPMNShape id="Event_0c8ryvc_di" bpmnElement="Event_0c8ryvc">
        <dc:Bounds x="2792" y="242" width="36" height="36" />
      </bpmndi:BPMNShape>
    </bpmndi:BPMNPlane>
  </bpmndi:BPMNDiagram>
</bpmn:definitions>
