<?xml version="1.0" encoding="UTF-8"?>
<bpmn:definitions xmlns:bpmn="http://www.omg.org/spec/BPMN/20100524/MODEL" xmlns:bpmndi="http://www.omg.org/spec/BPMN/20100524/DI" xmlns:dc="http://www.omg.org/spec/DD/20100524/DC" xmlns:xsi="http://www.w3.org/2001/XMLSchema-instance" xmlns:camunda="http://camunda.org/schema/1.0/bpmn" xmlns:di="http://www.omg.org/spec/DD/20100524/DI" id="Definitions_17cy245" targetNamespace="http://bpmn.io/schema/bpmn" exporter="Camunda Modeler" exporterVersion="4.4.0">
  <bpmn:process id="conges" name="conges" isExecutable="true">
    <bpmn:startEvent id="StartEvent_1" name="DEMANDE DE CONGES">
      <bpmn:extensionElements>
        <camunda:formData>
          <camunda:formField id="nom" label="VOTRE NOM ET PRENOMS :" type="string" />
          <camunda:formField id="nombredemois" label="ENTREZ LE NOMBRE DE MOIS :" type="long" />
        </camunda:formData>
      </bpmn:extensionElements>
      <bpmn:outgoing>Flow_0dz8m7r</bpmn:outgoing>
    </bpmn:startEvent>
    <bpmn:sequenceFlow id="Flow_0dz8m7r" sourceRef="StartEvent_1" targetRef="Gateway_1b8pbh2" />
    <bpmn:sequenceFlow id="Flow_19rf2mr" sourceRef="Activity_1i7kfh4" targetRef="Gateway_0kvc5vs" />
    <bpmn:endEvent id="Event_1094s0z" name="CONGES ACCORDES">
      <bpmn:incoming>Flow_1udk4sa</bpmn:incoming>
    </bpmn:endEvent>
    <bpmn:sequenceFlow id="Flow_1udk4sa" sourceRef="APPROUVE" targetRef="Event_1094s0z" />
    <bpmn:exclusiveGateway id="Gateway_0kvc5vs" name="VALIDATION DE CONGE">
      <bpmn:incoming>Flow_19rf2mr</bpmn:incoming>
      <bpmn:outgoing>Flow_03w8w62</bpmn:outgoing>
      <bpmn:outgoing>Flow_186zo4t</bpmn:outgoing>
    </bpmn:exclusiveGateway>
    <bpmn:sequenceFlow id="Flow_03w8w62" name="OUI" sourceRef="Gateway_0kvc5vs" targetRef="APPROUVE">
      <bpmn:conditionExpression xsi:type="bpmn:tFormalExpression">${decision}</bpmn:conditionExpression>
    </bpmn:sequenceFlow>
    <bpmn:endEvent id="Event_07x2kt1" name="CONGES REFUSE">
      <bpmn:incoming>Flow_01laa1p</bpmn:incoming>
    </bpmn:endEvent>
    <bpmn:sequenceFlow id="Flow_186zo4t" name="NON" sourceRef="Gateway_0kvc5vs" targetRef="Activity_0tbyjd8">
      <bpmn:conditionExpression xsi:type="bpmn:tFormalExpression">${!decision}</bpmn:conditionExpression>
    </bpmn:sequenceFlow>
    <bpmn:userTask id="Activity_1i7kfh4" name="DEMANDE DE CONGES" camunda:assignee="demo">
      <bpmn:extensionElements>
        <camunda:formData>
          <camunda:formField id="decision" label="ACCORDE .?" type="boolean" />
          <camunda:formField id="nom" label="NOM ET PRENOMS" type="string" />
          <camunda:formField id="nombredemois" label="NOMBRE DE MOIS " type="long" />
        </camunda:formData>
      </bpmn:extensionElements>
      <bpmn:incoming>Flow_0xb3s8b</bpmn:incoming>
      <bpmn:outgoing>Flow_19rf2mr</bpmn:outgoing>
    </bpmn:userTask>
    <bpmn:serviceTask id="APPROUVE" name="DEMANDE APPROUVE" camunda:type="external" camunda:topic="approuve">
      <bpmn:incoming>Flow_03w8w62</bpmn:incoming>
      <bpmn:outgoing>Flow_1udk4sa</bpmn:outgoing>
    </bpmn:serviceTask>
    <bpmn:sendTask id="Activity_11o130o" name="MESSAGE DINFORMATION" camunda:type="external" camunda:topic="messageRej">
      <bpmn:incoming>Flow_1hocpr7</bpmn:incoming>
      <bpmn:outgoing>Flow_1vc0zt3</bpmn:outgoing>
    </bpmn:sendTask>
    <bpmn:exclusiveGateway id="Gateway_1b8pbh2" name="NOMBRE DE MOIS">
      <bpmn:incoming>Flow_0dz8m7r</bpmn:incoming>
      <bpmn:outgoing>Flow_1hocpr7</bpmn:outgoing>
      <bpmn:outgoing>Flow_0xb3s8b</bpmn:outgoing>
    </bpmn:exclusiveGateway>
    <bpmn:sequenceFlow id="Flow_1hocpr7" name="&#62;3 MOIS" sourceRef="Gateway_1b8pbh2" targetRef="Activity_11o130o">
      <bpmn:documentation>congés refusé</bpmn:documentation>
      <bpmn:conditionExpression xsi:type="bpmn:tFormalExpression">${nombredemois&gt;3}</bpmn:conditionExpression>
    </bpmn:sequenceFlow>
    <bpmn:sequenceFlow id="Flow_0xb3s8b" name="&#60;= 3 MOIS" sourceRef="Gateway_1b8pbh2" targetRef="Activity_1i7kfh4">
      <bpmn:conditionExpression xsi:type="bpmn:tFormalExpression">${nombredemois&lt;=3}</bpmn:conditionExpression>
    </bpmn:sequenceFlow>
    <bpmn:endEvent id="Event_05ksogf" name="CONGES REJETES">
      <bpmn:incoming>Flow_1vc0zt3</bpmn:incoming>
    </bpmn:endEvent>
    <bpmn:sequenceFlow id="Flow_1vc0zt3" sourceRef="Activity_11o130o" targetRef="Event_05ksogf" />
    <bpmn:sequenceFlow id="Flow_01laa1p" sourceRef="Activity_0tbyjd8" targetRef="Event_07x2kt1" />
    <bpmn:sendTask id="Activity_0tbyjd8" name="DEMANDE REFUSEE" camunda:type="external" camunda:topic="messageRefus">
      <bpmn:documentation>LE DRH EST EN CONGE VEUILLEZ REFAIRE LA DEMANDE DANS 2 SEMAINES</bpmn:documentation>
      <bpmn:incoming>Flow_186zo4t</bpmn:incoming>
      <bpmn:outgoing>Flow_01laa1p</bpmn:outgoing>
    </bpmn:sendTask>
  </bpmn:process>
  <bpmndi:BPMNDiagram id="BPMNDiagram_1">
    <bpmndi:BPMNPlane id="BPMNPlane_1" bpmnElement="conges">
      <bpmndi:BPMNEdge id="Flow_01laa1p_di" bpmnElement="Flow_01laa1p">
        <di:waypoint x="750" y="430" />
        <di:waypoint x="832" y="430" />
      </bpmndi:BPMNEdge>
      <bpmndi:BPMNEdge id="Flow_1vc0zt3_di" bpmnElement="Flow_1vc0zt3">
        <di:waypoint x="430" y="140" />
        <di:waypoint x="532" y="140" />
      </bpmndi:BPMNEdge>
      <bpmndi:BPMNEdge id="Flow_0xb3s8b_di" bpmnElement="Flow_0xb3s8b">
        <di:waypoint x="273" y="305" />
        <di:waypoint x="273" y="430" />
        <di:waypoint x="330" y="430" />
        <bpmndi:BPMNLabel>
          <dc:Bounds x="293" y="352" width="54" height="14" />
        </bpmndi:BPMNLabel>
      </bpmndi:BPMNEdge>
      <bpmndi:BPMNEdge id="Flow_1hocpr7_di" bpmnElement="Flow_1hocpr7">
        <di:waypoint x="273" y="255" />
        <di:waypoint x="273" y="130" />
        <di:waypoint x="330" y="130" />
        <bpmndi:BPMNLabel>
          <dc:Bounds x="287" y="195" width="45" height="14" />
        </bpmndi:BPMNLabel>
      </bpmndi:BPMNEdge>
      <bpmndi:BPMNEdge id="Flow_186zo4t_di" bpmnElement="Flow_186zo4t">
        <di:waypoint x="575" y="430" />
        <di:waypoint x="650" y="430" />
        <bpmndi:BPMNLabel>
          <dc:Bounds x="597" y="403" width="25" height="14" />
        </bpmndi:BPMNLabel>
      </bpmndi:BPMNEdge>
      <bpmndi:BPMNEdge id="Flow_03w8w62_di" bpmnElement="Flow_03w8w62">
        <di:waypoint x="550" y="405" />
        <di:waypoint x="550" y="360" />
        <bpmndi:BPMNLabel>
          <dc:Bounds x="555" y="366" width="20" height="14" />
        </bpmndi:BPMNLabel>
      </bpmndi:BPMNEdge>
      <bpmndi:BPMNEdge id="Flow_1udk4sa_di" bpmnElement="Flow_1udk4sa">
        <di:waypoint x="600" y="320" />
        <di:waypoint x="722" y="320" />
      </bpmndi:BPMNEdge>
      <bpmndi:BPMNEdge id="Flow_19rf2mr_di" bpmnElement="Flow_19rf2mr">
        <di:waypoint x="430" y="430" />
        <di:waypoint x="525" y="430" />
      </bpmndi:BPMNEdge>
      <bpmndi:BPMNEdge id="Flow_0dz8m7r_di" bpmnElement="Flow_0dz8m7r">
        <di:waypoint x="188" y="280" />
        <di:waypoint x="248" y="280" />
      </bpmndi:BPMNEdge>
      <bpmndi:BPMNShape id="Gateway_0kvc5vs_di" bpmnElement="Gateway_0kvc5vs" isMarkerVisible="true">
        <dc:Bounds x="525" y="405" width="50" height="50" />
        <bpmndi:BPMNLabel>
          <dc:Bounds x="509" y="462" width="82" height="27" />
        </bpmndi:BPMNLabel>
      </bpmndi:BPMNShape>
      <bpmndi:BPMNShape id="Event_07x2kt1_di" bpmnElement="Event_07x2kt1">
        <dc:Bounds x="832" y="412" width="36" height="36" />
        <bpmndi:BPMNLabel>
          <dc:Bounds x="826" y="455" width="49" height="27" />
        </bpmndi:BPMNLabel>
      </bpmndi:BPMNShape>
      <bpmndi:BPMNShape id="Activity_19ruyxc_di" bpmnElement="Activity_1i7kfh4">
        <dc:Bounds x="330" y="390" width="100" height="80" />
      </bpmndi:BPMNShape>
      <bpmndi:BPMNShape id="Gateway_1b8pbh2_di" bpmnElement="Gateway_1b8pbh2" isMarkerVisible="true">
        <dc:Bounds x="248" y="255" width="50" height="50" />
        <bpmndi:BPMNLabel>
          <dc:Bounds x="196" y="236" width="68" height="27" />
        </bpmndi:BPMNLabel>
      </bpmndi:BPMNShape>
      <bpmndi:BPMNShape id="Activity_0z9km6w_di" bpmnElement="Activity_0tbyjd8">
        <dc:Bounds x="650" y="390" width="100" height="80" />
      </bpmndi:BPMNShape>
      <bpmndi:BPMNShape id="Activity_11sxpl1_di" bpmnElement="Activity_11o130o">
        <dc:Bounds x="330" y="90" width="100" height="80" />
      </bpmndi:BPMNShape>
      <bpmndi:BPMNShape id="_BPMNShape_StartEvent_2" bpmnElement="StartEvent_1">
        <dc:Bounds x="152" y="262" width="36" height="36" />
        <bpmndi:BPMNLabel>
          <dc:Bounds x="133" y="305" width="75" height="27" />
        </bpmndi:BPMNLabel>
      </bpmndi:BPMNShape>
      <bpmndi:BPMNShape id="Event_05ksogf_di" bpmnElement="Event_05ksogf">
        <dc:Bounds x="532" y="122" width="36" height="36" />
        <bpmndi:BPMNLabel>
          <dc:Bounds x="524" y="84.5" width="51" height="27" />
        </bpmndi:BPMNLabel>
      </bpmndi:BPMNShape>
      <bpmndi:BPMNShape id="Activity_05kv40h_di" bpmnElement="APPROUVE">
        <dc:Bounds x="500" y="280" width="100" height="80" />
      </bpmndi:BPMNShape>
      <bpmndi:BPMNShape id="Event_1094s0z_di" bpmnElement="Event_1094s0z">
        <dc:Bounds x="722" y="302" width="36" height="36" />
        <bpmndi:BPMNLabel>
          <dc:Bounds x="709" y="345" width="63" height="27" />
        </bpmndi:BPMNLabel>
      </bpmndi:BPMNShape>
    </bpmndi:BPMNPlane>
  </bpmndi:BPMNDiagram>
</bpmn:definitions>
